date,status,converged_steps,min_voltage_pu,max_voltage_pu,voltage_violations,F06_mae_mw,F06_correlation,F07_mae_mw,F07_correlation,F08_mae_mw,F08_correlation,F09_mae_mw,F09_correlation,F10_mae_mw,F10_correlation,F11_mae_mw,F11_correlation,F12_mae_mw,F12_correlation,system_mae_mw,system_correlation
2025-05-01,success,96,0.7772656848632539,1.021644568612917,9102,0.6542886990206924,0.9863538317132369,0.8901943276481771,0.9454524533016896,0.7390883202494283,0.9728999829956081,0.9156406886719196,0.9571489309000237,3.524696223307363,0.9051838387504365,1.511057981474882,0.7815393219677137,3.475001743872732,0.9931942349441806,6.400219777094732,0.9471351509115462
2025-05-02,success,96,0.7804607643105325,1.0452911819271256,14376,0.6786258414300554,0.9836021564258189,0.599888419695759,0.9892000163181685,0.46983601623795357,0.9917337309119811,1.215806623205671,0.9671952771927872,1.574974552269902,0.9805139532765965,1.0700614604147192,0.8380609569581722,3.724982828994965,0.9921744786995588,6.7593547579644,0.986205659358988
2025-05-03,success,96,0.7898037708843719,1.0703124030338425,13068,0.6959878062414179,0.9834961631499549,0.558997513575813,0.9888364444884639,0.44531758004858985,0.9933585679619311,1.0993745349568587,0.9594266856670046,1.4502164178174688,0.9869029009213008,1.8318916456789145,0.7460449257832418,4.002485434991322,0.986615621786193,5.599852310111749,0.9874361128168778
2025-05-04,success,96,0.765591106634251,1.0124253181573557,14265,0.7796319474985735,0.9874069104808727,0.5807965391091576,0.9901550243982722,0.543818911297916,0.9947949496614095,1.30033686109952,0.9640674508104964,1.6662007327506623,0.9829213390302184,1.027828503714796,0.8973421231677022,3.8076592815472456,0.9941833681709608,6.905183183296286,0.9879285160036576
2025-05-05,success,96,0.7732774515646001,1.0542347148114888,12966,0.5979789718344717,0.9740818429953287,0.4905109229236226,0.978666459486372,0.3292533496532006,0.993980036988531,0.8486880112124149,0.9743569802582115,1.2621761846282786,0.9916931763470532,1.0248350452103754,0.8873003549695603,3.7426002597723684,0.9933716938550711,6.0663167810361625,0.9861972093048075
2025-05-06,success,96,0.7749741529923835,1.0034118156406822,14490,0.7057790003261889,0.986024285893304,0.5804531352478949,0.9888725294688752,0.48377014487874115,0.9939502218687373,1.1159622269702378,0.9672380881703068,1.3262411565612704,0.9862322763331031,1.8692835078705659,0.511903151012689,3.50310010890267,0.9954764901029958,5.050830521887116,0.9892763035363448
2025-05-07,success,96,0.7805906643056105,1.0685689708526733,15246,0.6501506792381119,0.9849988052059051,0.5382297649664785,0.9892281348914603,0.48990099835522305,0.9904071811700377,1.0837415856737935,0.9658312645475261,1.4829501991635696,0.9826474956808884,2.003566173415678,0.6972801262386825,3.769785668123385,0.9961029415540832,5.320575731474774,0.9769995180390744
2025-05-08,success,96,0.7901311185132728,1.0490989241686846,16497,0.6915575565298221,0.9311710916060734,0.552941639265302,0.9603365582255696,0.46790973815968756,0.9797863941598606,0.6548226048965884,0.9834734359461024,1.2231412414100677,0.9732735183476189,0.9665493801013403,0.9039717935124458,3.894955226687631,0.9859620390958608,6.515658648841272,0.9713963059097809
2025-05-09,success,96,0.7879663500267787,1.049702036865115,15603,0.5796942109812947,0.9836032088039878,0.44156634408883016,0.988156554371403,0.3657280756670401,0.9929494438418037,0.938879942240806,0.9656431617773281,1.0228851859222405,0.9961614133794348,0.8679377191366331,0.9534175224848053,3.746353617096607,0.9952046587247556,6.525996714430506,0.9917045541551871
2025-05-10,success,96,0.7560738899128537,1.0643373988617157,7806,0.4591228383059867,0.9887534111136485,0.37599763684710863,0.9947725430470092,0.2669292855980555,0.9979129945349835,0.5695556224914394,0.9962039995396962,1.0653810324713002,0.9864955089295186,0.6842845558840327,0.9072036903958555,3.6585529626980446,0.9942663678638273,4.818089857623729,0.991437092546292
2025-05-11,success,96,0.8080268133763009,1.076734838662577,6840,0.4277394124928287,0.9932688650796927,0.3682853011356392,0.9952459971578987,0.2838213078990111,0.9987526431500288,1.2610821884867598,0.9524725672657697,1.5469951993739062,0.9835044296651178,5.731975054829389,0.862197355929567,3.9415532921844827,0.9948925473037773,6.382642108738524,0.9806651138611417
2025-05-12,success,96,0.7986551301532371,1.0560454305852092,8931,0.617614853980319,0.9859600922034432,0.5145014496834635,0.9908649342078628,0.39447752448905266,0.9929567235812539,1.1090917267501172,0.9592913349065489,0.9139696792885712,0.9900283311982239,7.166981747387454,0.5283579245456139,3.871918365755968,0.99577142484637,3.2724182702036075,0.9708469504617229
2025-05-13,success,96,0.797997425797408,1.049535425804566,8226,0.6005204128943721,0.9912116391822381,0.4484079486510611,0.9930801955789264,0.3365871268241738,0.9971942818929435,0.8038248519322877,0.9737038944061185,1.1106776532768492,0.9882963150812872,7.16824622555443,0.7524435405944426,3.85439061740398,0.996500168853169,3.646790531957369,0.982660716836978
2025-05-14,success,96,0.7873605291510217,1.0740427498644474,9750,0.36638292974552117,0.9904405102990447,0.3179660419865884,0.9932266534482552,0.27223505989218455,0.9966146436506845,0.9872250797146193,0.9597571137740355,1.4402868891750837,0.9863998655902508,3.741271168000529,0.8354913279020276,4.220562811257452,0.9933784120883526,5.073145654150658,0.9627713333056144
2025-05-15,success,96,0.7909744061281638,1.0532004719748076,13578,0.4787375035622804,0.9887158374288125,0.382369564652104,0.9912691655687819,0.3282225332352921,0.9916716076732446,0.6500907490283584,0.9843824922389253,1.5665415810796133,0.9700740176289968,2.687006000967245,0.8938629279190027,4.099840516923238,0.9930242233268134,4.695642328498293,0.9703790893379897
2025-05-16,success,96,0.7928004692375977,1.0608908824868812,8757,0.4369624966450619,0.9779458894338127,0.3056523661353321,0.9932729762513844,0.259762790976708,0.99273963430199,0.5404387253950448,0.9749037786287399,0.9797451427282995,0.9915864966602335,4.955177625340862,0.7350623613869461,4.233062714849435,0.9894443895378034,2.667956083880495,0.9507289006281509
2025-05-17,success,96,0.7980704939501633,1.0707154276430912,8790,0.126010021347492,0.9907174598086055,0.1298967213688705,0.996757380641133,0.20589063365950241,0.9973910026441462,0.31420163144949814,0.994921614652162,0.7359241317702052,0.9907755633512951,4.19491392460603,0.8516813774737132,4.277279322143514,0.9900617077955921,4.295278021038489,0.9031699424120129
2025-05-18,success,96,0.8050172316369634,1.0652840494226117,6459,0.3037835995595863,0.991252599495448,0.2515466558180334,0.9940012115862815,0.3927896608266669,0.9633371478420404,0.6696975844853601,0.9705121395839079,0.7753237391161747,0.9898930261207973,1.9846539306292423,0.3009730998473044,3.478327491075839,0.9940933909501921,2.915937334553215,0.9856491229428224
2025-05-19,success,96,0.8419547900816978,1.0435856252949172,7401,0.36790688426538504,0.9934763560009149,0.2566167183578677,0.9959543743650767,0.15623398646210637,0.9980139348124291,0.6565401496855671,0.961126420806744,0.5778290063447952,0.9877833871808548,5.276507266687844,0.36880398731545233,3.3193470119944637,0.9960835198698412,4.692625062440415,0.8852692521107629
2025-05-20,success,96,0.7987315361711369,1.0160966277768488,8805,0.5896141400810841,0.9878191583537669,0.5172590694254156,0.9912763593588384,0.4034831932071286,0.9927158325707195,0.7115400251078132,0.9782000141787565,0.7307340590598738,0.9888524471884086,8.917676987030013,0.41412525816750645,3.406288744927797,0.9943753511767003,5.437453082804991,0.9579666864352406
2025-05-21,success,96,0.7993229387225934,1.0413926349551392,8964,0.6534321889468624,0.9892468809119388,0.5997526255390793,0.9924479879130537,0.462079894242765,0.9945866437838677,0.9391700038918589,0.9665688796493236,1.204960776674567,0.9865494184393993,10.589000614172834,0.4776178414354039,3.7021569826740013,0.9955098933556376,7.484341325151184,0.9706640832296154
2025-05-22,success,96,0.7575303757514837,1.011770308785005,12813,0.6864749636115366,0.9896143302844079,0.625799149710911,0.9935521714757571,0.5297756471928743,0.9951579632083111,1.112492691953184,0.9677990240575005,1.2477477566367534,0.9869827103952089,3.837803297658067,0.8042125233341201,3.819203953687446,0.9923982227137478,4.758477651663222,0.9804711120769756
2025-05-23,success,96,0.8047581120894509,1.0350971386388463,9894,0.7251838414636527,0.987626785048273,0.6516242440389732,0.9919804495933725,0.5033414810878591,0.9950857128920935,0.9555376955544925,0.9659230819531124,1.0747370811580643,0.9922000987099173,11.023959235410896,0.828589664983287,3.685983460209456,0.9966021909356291,5.866774901139055,0.9779800682395089
2025-05-24,success,96,0.8071771645304645,1.0311671944833467,9480,0.6467588695258456,0.9860504686351662,0.5855672592862486,0.9908056952661007,0.4598019038836815,0.9932446246908895,0.8398135555319349,0.9618766104928399,0.8952316618338891,0.9910591511320895,15.92649415120711,0.8203799452962713,3.809365884747902,0.9956188711015095,10.795224704647518,0.9733958287605516
2025-05-25,success,96,0.8091761064901832,1.0301433598972132,8256,0.41554827545440065,0.9916653493401493,0.40586645046407605,0.9942444959405086,0.3261953300003542,0.9959685443579457,0.44265371540087517,0.9561964348028528,0.7429536973300648,0.9810409398571833,14.842640602832807,0.8083439090358114,3.8579641069544888,0.9923638408070069,10.230448622232956,0.9571053360490989
2025-05-26,success,96,0.8023625751023657,1.0487818595356178,7833,0.4424066821733,0.9961981750056754,0.3535862417233713,0.9962917981053403,0.2802494281657348,0.9969495056646368,0.5258146925342183,0.9595119944296856,0.8703531185780936,0.9850822581365691,18.511922012530878,0.8644543170301995,3.897053685236858,0.9952136790215951,13.924981271016003,0.9795729520372364
2025-05-27,success,96,0.8083318317550872,1.0333086671405949,8406,0.5433908886838326,0.9896478454222719,0.46692313556906556,0.9933241987201616,0.358752535125682,0.994881519271257,0.7678305577587624,0.9726706413511972,0.9331425454886945,0.9855706615742023,19.51338209164543,0.9464206806226864,3.857604072210488,0.996057287712369,14.82257870638763,0.9913409662422205
2025-05-28,success,96,0.8083789637969957,1.0405998107177634,8343,0.6249592207757217,0.9906853786342659,0.5403684003428504,0.9931732957429966,0.3858176205479038,0.9957538674227344,0.9100231184083009,0.9478078245174344,1.1112997199524297,0.9866741848892334,19.219158350200125,0.887611401461317,3.9194055837788144,0.9966117709182842,14.75472766553175,0.9891226414418527
2025-05-29,success,96,0.8133049507552425,1.050396198781978,8484,0.5704663196799592,0.991247990972147,0.5061817685200677,0.9927408915313208,0.3951567865356376,0.9940041669525491,0.8642888762966002,0.9650934048106128,1.0049447754370526,0.9858239221817221,19.57874981571297,0.9668305508901808,3.869679832548694,0.9962375001732005,15.020779729036557,0.990854817738707
2025-05-30,success,96,0.8043519925615386,1.0373248434761098,8892,0.6446739934144355,0.9898727234004433,0.5689468686413675,0.9928998795041807,0.4413452908856431,0.9958659280817547,0.9158116131881084,0.958209014335993,1.1545234430040374,0.980968729018028,16.96990055900059,-0.767543071070661,3.841311497500365,0.994724662723801,12.932320985766292,0.9695285392371712
2025-05-31,success,96,0.7921565655579321,1.025658336044953,11397,0.6388427749574911,0.9936409971472772,0.5765353748927714,0.9953921976330594,0.42505370915321516,0.9968406030127328,0.30797717939969976,,1.1739126060829201,0.9889950424891345,13.361934917312755,0.5680589926976969,3.797385305452229,0.9965982947244103,8.750528366896079,0.9765024532433364
2025-06-01,success,96,0.789200446599254,1.003837825513356,13419,0.6980523105658534,0.9893175130061591,0.5932568161463035,0.9920332606227372,0.4710361447017447,0.9961518265839083,1.0810605845340095,0.9619919839460903,1.1332902870077262,0.9900817970456476,2.8360581172063215,0.5070165173294966,3.6929136499783928,0.9951338289473409,4.326406830375555,0.9770271116429279
2025-06-02,success,96,0.7958712685034176,1.0405171022879216,14019,0.6652652940477947,0.9801944553256693,0.5729452658702074,0.9860873813698956,0.447893230940576,0.9903958222115713,0.9082714281085995,0.9687195768064144,1.2260252961427731,0.9892529825088664,2.412070008156638,0.7414496637346317,3.4365445738974034,0.9930142213353909,4.813253518992546,0.9725912590382403
2025-06-03,success,96,0.7999100287950531,1.0489384507930637,9246,0.620577948589192,0.9915624733768653,0.4981835815331804,0.9936718793527818,0.3583747221078272,0.9965286967395521,1.0136633457309758,0.96509859756298,1.1657091407817386,0.9901188767465358,4.78713572901336,-0.11540225273294918,3.1290917739443316,0.9964002460203122,3.0981242178445463,0.9782502710516724
2025-06-04,success,96,0.8048265032674266,1.0699633110264661,7692,0.6321889504459096,0.9874277452382729,0.5143635807515631,0.9910205130865495,0.36593920569622385,0.9957966159440731,0.9651576906181948,0.9678416427929378,1.196340400108036,0.9887945478941201,7.935495004164888,0.40963267931040986,3.1169861914292283,0.9960120614677382,4.990437248019243,0.9800471479473702
2025-06-05,success,96,0.7861873681233772,1.0452360461629755,11958,0.633593430528953,0.9915355541631958,0.5167757588619493,0.9932391894196659,0.5251102786486948,0.984107392588467,0.9703500524269584,0.964520341663194,1.3517548978713934,0.9888156440762069,3.6151161758728425,0.3462680711955757,3.249965928564885,0.994867992409281,5.335806072498648,0.9585814824493317
2025-06-06,success,96,0.7924821956429898,1.0744715029019825,9966,0.5016557669013332,0.9830768699303388,0.41136467476322325,0.9876719818976392,0.3295197696774067,0.9951815756673796,1.0026208026013694,0.9640188146071166,1.3160094009096972,0.9860535549610802,2.5093081976064937,0.7610679263151936,3.9226635930742266,0.994302894694603,4.740598805253757,0.9776438610878032
2025-06-07,success,96,0.788983935527181,1.0546772630238297,9690,0.6627707463804919,0.9848648725450797,0.5590619779705179,0.9879265497483981,0.4005760681324236,0.9939482692004518,0.7018667962849832,0.9850381687687709,0.9663550920427723,0.9938392976495596,7.274347104456668,-0.014084536567100141,3.7416643602468334,0.995719633910445,2.5957114902163725,0.9813004582088815
2025-06-08,success,96,0.7957104133315139,0.9981874216305218,11700,0.7172163164469643,0.9833122373486582,0.5636276611597157,0.9920035821058678,0.4625365659553754,0.9957148459676728,0.926898761959044,0.9631022980080173,1.0138921071858904,0.9867225643399957,8.108103316424092,0.4066826225850896,3.7729266474611944,0.9941913100234937,4.356834135428203,0.9431561539029578
2025-06-09,success,96,0.7948999904316562,1.070567154336849,8208,0.5604709258189731,0.9867156612652958,0.4126405205942535,0.988859262815523,0.3264070440662004,0.995904335994515,0.8932275687478936,0.9628591790397562,1.1010995142250206,0.9854280803201273,9.707855507454015,0.7078230153428304,3.872362804683294,0.9945564700388845,5.481607700418725,0.9846098478209626
2025-06-10,success,96,0.8080978193914624,1.0248035779597227,11067,0.6311388853480789,0.9887464400713327,0.48037027058652304,0.989682399614379,0.4155872014366435,0.9965698877236506,0.9884771919046849,0.9516470355082497,1.2991296886511445,0.9803993558624298,8.421119484382217,0.09369325795722654,3.57971968315698,0.9928848707052318,7.0002137437051015,0.9270274121273673
2025-06-11,success,96,0.8082237589767807,1.0294429545056654,8376,0.5950922461222977,0.9912323454041891,0.44945976882128896,0.9926780588052696,0.39859209299495857,0.9962379599074922,0.8199402193274813,0.9654084115704173,1.0084794449107113,0.9860336176051435,13.821698803521146,-0.10491380314221757,3.613872333502981,0.9961766748759837,9.59411634097805,0.9760728376403255
2025-06-12,success,96,0.8199694862684531,1.0417965133192648,7305,0.5412136751642209,0.9918855146884342,0.4007000713017308,0.9936470220601593,0.309996959967751,0.9959780543309551,0.6579421033571232,0.9700212175241755,0.793672727020166,0.9917700406913507,13.69247094478966,0.14833986849924874,3.517212482852701,0.9967358102340461,9.18859866779286,0.9711800813877745
2025-06-13,success,96,0.8162209150160821,1.0474102592914154,6795,0.5734095038235885,0.9926555192881291,0.41899650839607167,0.9936299933526328,0.3142387173042703,0.9972938002082227,0.9062179195003658,0.9599393753275568,0.9254682517398196,0.9886923470549246,18.721137153763035,0.930149432677853,3.6086365710493484,0.9958550782755499,15.023684069643839,0.9860782329253033
2025-06-14,success,96,0.8117567464768743,1.03879817905423,8391,0.6436175491214252,0.9880929215927136,0.4729732484812245,0.9908350362961961,0.392688607900563,0.9943268017456646,0.8930775787644121,0.9601548315396177,1.1094404616251707,0.9836771842921151,19.581466286894706,0.9354311514407375,4.063162639786475,0.9809670030032235,15.856004527010358,0.9900393395661876
2025-06-15,success,96,0.8213405812691299,1.046523444805692,7284,0.5892247542290132,0.9915479956090579,0.4315128646990047,0.993472755463599,0.3315684631014708,0.9973385598689538,1.1983902819532313,0.9597500971566891,1.164670109131368,0.9842385710276899,19.141394449093653,0.9895988950077139,3.6991321393190684,0.9924155844876098,16.353847769043632,0.9865369740489515
2025-06-16,success,96,0.8190993569737121,1.073916348250765,5505,0.4768544737256571,0.9922251326814319,0.3607958204105398,0.9936440823916036,0.273876620510678,0.9964564036390514,0.802308299977707,0.9508487002490842,1.0593314680721981,0.9746622218533212,17.22035901981835,0.7194401576801092,3.7103744875874143,0.9891993088067514,13.788263770642303,0.9713701554878728
2025-06-17,success,96,0.8117125590343011,1.0515121474572677,6186,0.48740965480553616,0.9905408363621164,0.34824883529464956,0.9943602327984361,0.2788488937628941,0.9925936026903092,0.5808649115013028,0.9695705831086934,0.7337848658013354,0.9924169684446377,11.146949831101795,0.41141769944522555,3.5990723729900087,0.9944745110393706,6.640305776301046,0.9910192382169251
2025-06-18,success,96,0.8117111988439619,1.049142615481833,7227,0.5085712229459767,0.9935656915972847,0.36788663264544236,0.9945421935969468,0.290106196142858,0.9975229635402934,0.8461919140975884,0.9631789024331826,1.1511628727860967,0.9814042615804547,6.9738585607304495,-0.06630198965963058,3.5637872486665287,0.9944655825068272,4.696999606538463,0.9673364174161773
2025-06-19,success,96,0.8044674993173532,1.056568685586635,6960,0.5460958226533825,0.9910229170486826,0.3903424729784033,0.993730879861461,0.29245838989759376,0.9974904056421378,0.9268422748574557,0.971795012337938,0.9993462595348259,0.9879049940775451,7.817628606782312,0.4326033284611317,3.6341053245387944,0.9961100257371377,4.856338221547556,0.9842950037578779
2025-06-20,success,96,0.8025879658851923,1.067642698047516,6825,0.5626541261770703,0.9903180108926048,0.41900367608356676,0.9919802684393558,0.3209290267614613,0.9972541526915523,1.0648500829848804,0.9607983228560127,1.2048833410610098,0.9830935659366172,6.418146473919794,-0.04128530597499319,3.753297227697373,0.996327851529905,3.7749080288245844,0.984314028832221
2025-06-21,success,96,0.7941605953284797,1.0654560360351515,9249,0.5928840055115234,0.9875958546823537,0.43780171811456237,0.9888864544167432,0.3446403254600412,0.9963756119418107,1.034735754704551,0.9537532363143197,1.2223570463915145,0.9887228099742461,4.939767484423898,0.2443646029310875,3.8784725368932764,0.9956905386708204,3.442116532370912,0.9795823263693121
2025-06-22,success,96,0.7731923487461152,1.011306529631746,9990,0.6298522566825986,0.9836165630715447,0.4528005799653851,0.98888008157659,0.41370036969602125,0.9943232738072556,0.4912976362040852,0.9969256856219733,0.9465593582491874,0.9914269040938073,7.084407735901051,0.8513599644866169,3.4230344812268303,0.9900278465340698,4.969007204767134,0.9739032291304881
2025-06-23,success,96,0.8138877354882827,1.0621003413623749,8046,0.43158704455509456,0.9770160790184462,0.3292401743309679,0.9848140312153056,0.30732164472614276,0.9910532868860584,0.2963742558893699,0.9799525456937551,0.6358830200090144,0.9962763773917276,11.2129878548274,0.8716693255548636,3.674332579744701,0.99552610284876,6.1893087221786,0.9096612790826524
2025-06-24,success,96,0.8104311363892258,1.0740903575758274,5745,0.5171124019675175,0.9863563636907664,0.40536593481069283,0.9933727887598732,0.3102876863324668,0.9971800419316674,0.7547330422514293,0.9573948495827255,1.1674663110647336,0.9836505113501798,13.344494650606192,0.6822553291262576,3.7113896006171694,0.9937279571792501,10.058750434326875,0.9942231283907513
2025-06-25,success,96,0.8074166520899065,1.0622576113970479,6048,0.4474723115430541,0.9909349349251537,0.34682503090655276,0.9932992769590264,0.283394421632949,0.9966352760141013,0.6790286859540653,0.9665187014238683,0.9211040188445789,0.9850458471678882,9.868883118988766,0.5216847572824078,3.7801541239322947,0.9929823790567439,5.797563748960973,0.9785648283849575
2025-06-26,success,96,0.8035360476361383,1.0664007915923404,7911,0.48671972259881136,0.9890482779825358,0.38138274402657546,0.9936596568414707,0.5712132946125388,0.9702995634276692,0.5628206074971067,0.9787944476510199,0.8489795972162644,0.9939572749507452,13.326040156552828,0.38706147131825114,4.929296533722928,0.9942627276679119,7.8512649790151725,0.9607385474813486
2025-06-27,success,96,0.7903005202501793,1.0750767657712297,9891,0.5376608188882566,0.989067340835164,0.4569190418179382,0.9917711825397041,0.2449528090520861,0.9936691594090596,1.078529886160021,0.9588850097842171,1.520284306507873,0.981341869912086,4.21681339967461,0.42830573916991255,5.996921630213285,0.9911923245736888,6.711809816787346,0.9682162341399878
2025-06-28,success,96,0.7904143211616949,1.0721579285347347,10008,0.5305737490588638,0.9901758077556729,0.47018137268454374,0.9906473944052738,0.2078414793385498,0.9981087407561551,0.9739444040081802,0.9529651220884814,1.4400400973671985,0.9867942226563309,2.7813186119733277,0.6527844117971382,4.777176153798851,0.9960388287483279,5.8435342469798135,0.9678588777500832
2025-06-29,success,96,0.7999994052125512,1.0626700199448018,10590,0.4876444031482085,0.9864560396437777,0.4262626202327339,0.9886525935606586,0.29948089263785055,0.9951347046546573,0.6594925132966035,0.9403447521385041,1.2025587651483747,0.976592712345478,3.7727284958319705,0.45904760176332715,3.8491649302809705,0.9934700194019531,3.9111174163944438,0.9616691795956103
2025-06-30,success,96,0.7945601511965064,1.071176407179121,8775,0.5326468595439794,0.9914971772118919,0.39973174625164803,0.9935908728907861,0.31407441607837544,0.9971550288986272,0.9675576299466917,0.9647891089626225,1.311327621242437,0.984504135089625,3.1576118371057698,0.5811594065891853,3.945349499910422,0.9952563510979772,3.490004841178965,0.9859808521484339
2025-07-01,success,96,0.788001055311774,1.0780944009578672,8106,0.4942213369940753,0.9850135953384078,0.39814819427461723,0.9883962940380738,0.3092491852206596,0.9948507646803214,0.5806745867586752,0.9781335024819198,1.1157503962381499,0.9840727682279973,6.104826486705075,-0.005731346509851626,3.7818569176264143,0.9947517065551691,2.8193440436366997,0.9781991747653839
2025-07-02,success,96,0.7882035779295387,1.0757633671409892,8538,0.5409545498994998,0.9848440153061575,0.4388393647660983,0.9893505505337719,0.38320318197482495,0.9898976007389872,0.8463049261968112,0.9570039130440089,1.2546414170788187,0.987366400338038,4.916459967624967,0.45991904275136064,3.8480967641219395,0.994078746350157,3.7609778911792007,0.9785632284785887
2025-07-03,success,96,0.7878530007967205,1.0580717354728084,6141,0.39804720653439024,0.9927530586670203,0.32372854715342986,0.996328119125921,0.26032135670327755,0.9986484213994371,0.9832735234241864,0.958671964082008,1.1909963853499952,0.9875237640535114,2.2528714751961996,0.6821357530350318,3.710890922230194,0.9954381578896534,3.808628266185015,0.9880175143073732
2025-07-04,success,96,0.7875014101928798,1.071438696422362,6261,0.44387622241242736,0.9914322910721838,0.3501481164149648,0.9961109697768693,0.2714838566911717,0.9984319272542944,1.0249751203732607,0.9624553425981686,1.3585191290705494,0.9867534718551716,3.422444402118863,0.4090757756666329,3.951604502011294,0.996015688926087,3.5634137057025868,0.9879121855239178
2025-07-05,success,96,0.7951716288560822,1.053741860289296,6639,0.45103383275897185,0.9907076542639693,0.3827790820219685,0.9944487842906048,0.28763639424145865,0.9985432853994896,1.0349123875334916,0.9612676305992481,1.299479764020573,0.9875782493924967,3.7707079061737847,0.6798894848150846,4.091248580446077,0.9921577713911823,3.68272141528241,0.984898002890657
2025-07-06,success,96,0.8085983205529417,1.0569175112752904,9303,0.581690099056012,0.9906425609842402,0.46402969212345235,0.9949879162246592,0.34141844547102984,0.996958108504409,1.0887213615690572,0.9617671976910825,1.2606228544110127,0.98264011309611,8.31927927396416,0.419651437981903,3.901278690785801,0.9958188244755023,6.126533630369643,0.9545215196456919
2025-07-07,success,96,0.7989539797251792,1.0731278751902096,4770,0.3991853850780085,0.9931504891901227,0.3425678293866754,0.9960659158106208,0.27892076176004776,0.99871376309324,0.9088507067076634,0.9634609656491923,1.2137514594201964,0.9905561456302124,9.207383395559315,0.7591290143055152,4.011516383695776,0.9957754751394099,5.892337489310771,0.9939072803125218
2025-07-08,success,96,0.7908756021257959,1.0690456165017583,6363,0.4018258692054198,0.9903844331829016,0.3532085773003866,0.9950806815572059,0.2749435064301297,0.9984169959867095,0.9406194490050122,0.9653339349951494,1.277704125927887,0.9868994874263918,3.8431395770707364,0.5175806553105924,4.392115202432921,0.9929618233924058,4.0520906511501815,0.9794383226442686
2025-07-09,success,96,0.7704602551159725,1.0656894724890542,7872,0.4035998404623163,0.9850362658802111,0.31429568072535186,0.9963876120890339,0.2535961422114031,0.998785707313285,0.9328449482946995,0.9629587737812124,1.0759569462338323,0.990947018057741,2.4935738089916546,0.7540979188250695,4.600771163055975,0.9942498703923596,4.392386846592329,0.9803407342930672
2025-07-10,success,96,0.7557911660934266,1.048542358833401,16875,0.686266266024527,0.9767043781177478,0.6792002220615645,0.9872559850376658,0.559348342107916,0.9913047668801785,0.9721328865123808,0.9696120297257214,1.478513730802668,0.9845878456020118,1.0395352016495616,0.8825034180649802,4.411596901652203,0.9919803869619034,7.649183493532065,0.9834413298503625
2025-07-11,success,96,0.7752420000354359,1.0119470219421973,15969,0.723401810230672,0.9792075780388165,0.7184159389935842,0.9918825373503519,0.5620580109229019,0.9953447426958378,1.0641730501187532,0.9619346115156739,1.3873710532254244,0.9916178162432092,1.8505616530554934,0.683649077572298,4.563981352372848,0.9953262357755919,6.295373110736221,0.989586046380159
2025-07-12,success,96,0.7759476966273887,1.0022223972968236,15549,0.7226984882373454,0.9735976187493935,0.7158902114803806,0.9913926600911972,0.5670085096654953,0.994981127798574,0.8990699963051693,0.9660475261471856,1.5490143341639304,0.9898815619587146,3.0922301857973173,0.6754370521838599,4.702506234089436,0.9939203998721919,5.285519500459365,0.9777977239870336
2025-07-13,success,96,0.7677768101456848,1.0034250920539485,13890,0.6472837499084332,0.9783454654756848,0.6619390331381827,0.9911240797707719,0.49070176863973525,0.9962094946719662,0.5934764620431737,0.9971411963675021,1.1870900806190605,0.991758230423603,3.905416037142264,0.6636425323763638,4.5404158511037975,0.989957273335424,3.768461954840852,0.972126196560813
2025-07-14,success,96,0.7948235705286679,1.062710099733166,10443,0.5872309765695708,0.9778244596145115,0.48372816281072556,0.9932756363407925,0.36775369702605115,0.9927955120269489,1.0259425661746766,0.96064087486003,1.328389737447507,0.9897164527540036,7.420131128665264,0.6631383458900698,4.727395291582329,0.9951056086312855,4.6789541214861154,0.9779474714231995
2025-07-15,success,96,0.7840582590888151,1.0749049159895112,12678,0.550852863715014,0.957519788386668,0.4476918227778992,0.9874437663151271,0.3144597783139373,0.9956358648246026,0.9577071130565279,0.9586605250960003,1.1662273435902129,0.9885633427444825,2.0259743641631625,0.727380965949148,4.378866716063528,0.9865482009846275,4.963052134571896,0.9805896210451643
2025-07-16,success,96,0.7930692747927978,1.069774554199008,11406,0.4831087495099218,0.9827872539616609,0.43378750990435216,0.9916938788606464,0.3365299482161942,0.9952642593714259,0.8535174180297613,0.9719156514658743,1.076932687187118,0.9945673059307769,4.5969576859159655,0.5628519153714061,4.627483802917096,0.9944925069146822,4.867681118621845,0.9614545467626018
2025-07-17,success,96,0.7835554036814002,1.0548573716188223,8319,0.3273971242451193,0.9892873119275841,0.2930435426321197,0.9960847644691552,0.25161005438598516,0.9968868826856513,0.7686697797102664,0.9554319255545968,1.1680138065924672,0.9850490093947902,2.0136745175085045,0.8252610061481354,4.522581449606908,0.9901271040156838,5.009350695342098,0.9835081156739132
2025-07-18,success,96,0.783431179856529,1.0698967714453003,10395,0.3559126936416121,0.9698426008472587,0.30838826977396055,0.9913667443223173,0.26860724926845775,0.9965592284100847,0.7106937618536813,0.9805556278673634,1.0112492277983582,0.9933731909335923,1.8154815088979124,0.8675482590872435,4.443272611103631,0.994957662713998,4.46370062277186,0.9817888166558668
2025-07-19,success,96,0.7985413535133555,1.0594141539856243,7797,0.4270529501060434,0.9676791700031568,0.4071972209760177,0.986817873890503,0.3008143401426934,0.9914619677364129,0.7117292170621132,0.9724751028305374,0.8733688891398557,0.9932691952802801,8.347698997792044,0.12131311311939749,4.4294153713322695,0.9948980916304684,3.9339714598943116,0.9639679681193135
2025-07-20,success,96,0.8135988408646692,1.0569176101934779,9336,0.40293496355113817,0.9786867920297925,0.400154404289914,0.9907478013786077,0.30038559584783237,0.9914185721985905,0.4066125031788834,0.990856118342864,0.7320074090757227,0.9971361746983572,9.527977784916407,0.3730451292237282,4.2085944566105535,0.9973388683987358,4.835538971828478,0.9461070335276737
2025-07-21,success,96,0.8023110855466383,1.0626853447420148,8559,0.4473064567418446,0.9871186881532765,0.39644766114245994,0.9939834288737949,0.29408259739669945,0.9963907131242435,0.6129770551238618,0.9844549604916883,0.833632412632429,0.9934643570037313,10.543923514906334,0.24849670828134507,4.3956052230456555,0.9942007623495573,5.852436148069438,0.9742900596562967
2025-07-22,success,96,0.8055253917425199,1.0556777199397354,6978,0.49315519186736634,0.9851797938941999,0.42868652622034886,0.9938286300512799,0.2977506832168356,0.9965009130216989,0.7344521857743339,0.9605055135929584,0.9519809517336059,0.9882062009995839,12.019081193396817,0.7723647657439133,4.565224531319996,0.992828383815105,7.2181698365754405,0.9797042952736269
2025-07-23,success,96,0.8020752946067493,1.0689515214599246,7050,0.493605563608294,0.9867263676835093,0.41703857922206017,0.9943481531441486,0.2992673349334661,0.9972557280943435,0.9231608210279092,0.9598930832067096,1.2312993829597356,0.9890297787670301,15.46249712735012,0.7836904394318137,4.645586567218815,0.9925507945957616,11.696656256421804,0.989976933423684
2025-07-24,success,96,0.8114360014863851,1.064108051572864,8502,0.4069523044682146,0.9679603901742849,0.38874196270093214,0.9891435038551816,0.3105068359402108,0.9925579671163929,0.5337588573141523,0.9734894185924834,1.0497740568356486,0.9791753924481741,14.17894760968835,0.5959111273456474,4.640649272289663,0.9903133760176606,9.072658294621638,0.9046245642215347
2025-07-25,success,96,0.8039831577131701,1.062264560778712,8073,0.40898633274624263,0.9728940172018347,0.3847722956872558,0.9921436988411191,0.27757203409947645,0.9953023076833666,0.6087730972496397,0.9770909802482186,0.7322780988355747,0.9933658608721799,17.85248790825157,0.8453625755015606,4.278329740717024,0.9903166251048396,12.796274659046379,0.9712540106992431
2025-07-26,success,96,0.798769323753503,1.0582178259531456,8685,0.5188289425947429,0.9841728864870519,0.480627738961681,0.9918665081091406,0.3335251752210686,0.9950608437231938,0.8932379685207349,0.9566456074446261,1.1360531505555003,0.9856142250199885,16.646271175930316,0.6500116768853498,4.598888125704834,0.9870119427595737,12.432359605433035,0.9889398374282768
2025-07-27,success,96,0.7782968682692368,1.0460848060040415,10275,0.5518949191888388,0.9859105515195508,0.4661411708997425,0.9941601097822493,0.33783590618477943,0.9963471351531873,1.2771268157844853,0.9592613898168507,1.5024220154149917,0.9846178252753484,5.549011062036905,0.9128376205139531,3.8535403190923607,0.9853410242261565,5.300633916806505,0.9828367148091939
2025-07-28,success,96,0.7624217264341032,1.0648330333671459,13065,0.5515853006081612,0.9795270251549805,0.4570649894861165,0.9909623330828243,0.3245291137364608,0.9972775453136368,1.1513145179321593,0.9617269865658763,1.3015131360272727,0.99192259240562,1.5522008057953371,0.7788072588188282,3.6896712170389767,0.9913028645484556,4.918729604582718,0.9847334384417905
2025-07-29,success,96,0.7602857571822952,1.0634328438776195,10596,0.4665845118593993,0.986826279668173,0.38288319257734604,0.9945797815670444,0.26834255949645597,0.9983453865516152,1.1621633192130314,0.9679100855362026,1.4806990406418716,0.9906095002413766,0.9327800847125717,0.8456597805589816,4.758273563862786,0.9934613104550094,6.393118645517182,0.9924552256971847
2025-07-30,success,96,0.7641800361205591,1.0654933412934309,11241,0.48768052601698053,0.9817865301749866,0.408131730371665,0.9926146157697064,0.31933352831156786,0.9968834622440602,1.1675737361484828,0.9649745139821314,1.475337370182634,0.9903920430710886,2.168478496099385,0.7015837708796596,4.818219902425758,0.992543205587925,5.659330924776122,0.9827302694841701
2025-07-31,success,96,0.7688013863774451,1.0664928319816025,8691,0.3977001216495778,0.9834408088914218,0.3345819861102142,0.9956641851303072,0.26538341261401666,0.9982866204698063,1.0011763387769792,0.9665466057446324,1.1657092578468644,0.9916771446749202,0.891135731734407,0.8327291931818307,4.734477485959561,0.9938603332810925,5.990753267603087,0.9900161369044114
2025-08-01,success,96,0.766563299084088,1.0635928820187208,11280,0.37875616462384626,0.9859571496143597,0.2754048274376684,0.995806020533045,0.23723569096086589,0.9978913838729188,0.84015029209878,0.9796946045250194,1.2638318467502945,0.9938852799628612,0.8728099876786538,0.9102036670078181,4.43013325974293,0.9953827696826567,6.193760662324751,0.9942537950954623
2025-08-02,success,96,0.7700990046402237,1.0479122054485142,14481,0.5937408345738381,0.982199780617298,0.4780106320921945,0.9882313275037002,0.34994824192543567,0.994979666030458,0.5879555695264663,0.9912362885944167,1.5240389875568474,0.9803196035438845,1.3144976464930824,0.8609900158640139,4.126379029275883,0.9914571084994147,5.999049183126653,0.9868545684880126
2025-08-03,success,96,0.7954415439748382,1.0457239017053528,13575,0.3213097235584683,0.9904647821285317,0.21574750776899995,0.9920391992559858,0.21067217792465706,0.9925932568612302,0.40308027523281226,0.9971936366744345,0.8918156145532452,0.9943742114909732,3.2195911025490447,0.9183168470853601,4.312726423872875,0.9949500960770361,5.542854257102742,0.9678523470191954
2025-08-04,success,96,0.7868774813869058,1.0639023852504836,13251,0.5496884899523383,0.9832358191358817,0.3921547480131833,0.9901842688645556,0.2932541118114968,0.996365963908449,0.8680526936643037,0.9677159733822998,1.0981305074860408,0.9879385411387042,1.7433142598527473,0.88507476641222,3.7916911995588474,0.9866506820029212,5.026853961045251,0.9789555278413414
2025-08-05,success,96,0.7951283593231999,1.0692637074916724,11787,0.6235782509683987,0.9808740462615053,0.4921723297610814,0.9841140356276804,0.37321098163897365,0.9949608166392977,0.9604658593477998,0.9595471344670606,1.0603790373097146,0.9922348542611465,2.0701990349418518,0.7729453464539752,3.8710944649196692,0.9933484290990187,4.498712195177547,0.9807983635169971
2025-08-06,success,96,0.7805283059759235,1.0695287073558237,8616,0.36672963358489186,0.9942225462701921,0.30140999367355165,0.9957952571858452,0.2535649852543093,0.9986788803446748,0.8198852866345754,0.9703646898543948,1.4450608535727982,0.9851757167325176,1.8609634496044443,0.7818320797607512,3.9735660517794145,0.9956141483595585,4.763020636358635,0.9866912228212906
2025-08-07,success,96,0.7886914852700214,1.0664290844456115,7290,0.3803310118755716,0.98442699657159,0.30424432068987023,0.9936080819336818,0.26142342654159934,0.9976205277208592,0.6527588189933035,0.9740632276941937,0.9603581912320974,0.9942170648251311,2.0759751964079736,0.43904960298949963,3.9448972256541945,0.9951461078267516,3.954251236383035,0.9844588352670307
2025-08-08,success,96,0.7759723770607582,1.0572281674220751,10734,0.5627421627572999,0.9710701365133464,0.46822342352042734,0.9755109004757586,0.49532009015399187,0.9853781029295039,0.9295166156715113,0.9653847145212275,1.3695724317488056,0.9744896707220969,4.33834930493644,-0.013231141243686639,3.92647268660067,0.9786833980783257,4.7880778766634515,0.9585079780468976
2025-08-09,success,96,0.7871673739759606,0.9990128310600455,13803,0.6700592888277355,0.9720663828223856,0.46997953411979226,0.9854395336852316,0.4671694073115979,0.9904374063290678,0.8219573690405428,0.9776639625491407,1.0269504415829551,0.9920775084956452,6.939721104450781,0.34629459005855007,4.053462533102069,0.9934633908783748,3.436732153849423,0.9651266534984196
2025-08-10,success,96,0.8028960832796519,1.0020886202727395,11913,0.6356117157616975,0.9823776615982815,0.47276385769904394,0.9848881149376354,0.4017995361288982,0.9941618460923342,0.7200134252993103,0.9760303288517551,1.2305133484741024,0.97519340510614,7.7235283066550595,0.8774723917225705,3.653942399211503,0.9920908549795171,4.376843187022511,0.9434413971537026
2025-08-11,success,96,0.817053798103019,1.0808250740262477,7251,0.279192665581938,0.9904059634248968,0.22649041577576642,0.9937101965892206,0.2215590963742956,0.9956766271617816,0.7068314836178573,0.943819311785085,1.084262143318587,0.9727803110046704,6.279809415261913,0.7690777549978925,3.92251159397112,0.987312169312346,5.610387175768173,0.9423870901160866
2025-08-12,success,96,0.8192788208530809,1.0773144350771766,3789,0.2387800876434295,0.9870977478300418,0.23406574296517735,0.9947949761738855,0.20980071651654042,0.9979772408285715,0.4824658376692202,0.9544077804847174,0.6110111033484521,0.9900820088844751,10.750571888373663,0.6185211843769497,3.0732383622748833,0.9960305693879175,7.721388532950647,0.962422152855876
2025-08-13,success,96,0.8142900906284144,1.0744608158856988,4671,0.39514134785684124,0.9890900379883149,0.3049945111477304,0.9949986890685841,0.2336560781739165,0.9976374455749882,0.7049715727376018,0.9612907126695647,0.9622170065532882,0.9811256657339418,6.257161294181955,-0.15006574371460263,3.38923181247575,0.9929698510205837,4.052867683450356,0.9712201938084023
2025-08-14,success,96,0.8156244531100366,1.054960970974505,5883,0.48971668891513054,0.9926424586087182,0.3919265437899974,0.9951335672588485,0.29296157973783277,0.9978866772055346,0.8774987926447396,0.9545652474663071,1.17770118150032,0.9871453047244313,10.430484465256196,0.8199353821936014,3.581713256119417,0.9958773122743367,7.369840619232076,0.9916487108122612
2025-08-15,success,96,0.8168582650298906,1.068182804407393,6018,0.516806275826489,0.9921725468768591,0.4111254605860984,0.9928924513314544,0.28070705995383477,0.9977543510426721,0.9226661655278604,0.9607326249108296,1.1847963264848653,0.9826427422117457,12.165817761090851,0.6871871581919811,3.531677577607799,0.9942653330316293,8.859141843779017,0.9862058852203154
2025-08-16,success,96,0.8004752590034633,1.0400319150129667,5406,0.4492494905578067,0.9918918290111863,0.35983116576629326,0.9941328596438185,0.27127068681950367,0.9954210598488791,0.937838790933778,0.956496823005979,1.1670326476395967,0.9859548151170253,10.19527964245154,0.525289895103237,3.6760963671330833,0.9936253538075109,7.565547009666123,0.9830750244605143
2025-08-17,success,96,0.8193273156010926,1.0652120089747839,6036,0.2827305817988874,0.9899234359315822,0.24689652470923754,0.9936844744123438,0.31756776846141527,0.9914043334397781,0.32345027862192877,0.9890603379599265,0.6206785233863211,0.9945892770244109,9.380829459243492,0.9710386538370769,3.576152744548532,0.9966737848943343,5.150651102021625,0.9672104643822041
2025-08-18,success,96,0.8061189276127638,1.0873766219827523,4935,0.3657689462567607,0.9817333908844155,0.3657468856084379,0.9849617732304496,0.30577262793080506,0.9934221294849187,0.6129979589121999,0.9615003606413325,0.971665263926738,0.9882786610596286,11.543348456731774,0.4461146320149205,3.781597312763462,0.990058954227523,7.901824451615445,0.9815553509932617
2025-08-19,success,96,0.7906398205856404,1.0763020038611426,5643,0.47755883969131885,0.9939840713183036,0.3710242672366514,0.9955166428679143,0.2987996025798937,0.9968936113506676,1.2170667390949303,0.9606803197311251,1.522982873749731,0.9845413325531853,7.141300559301635,0.7203616943650569,3.9305687766137787,0.9933601345889033,5.741781253555226,0.9867679058259944
2025-08-20,success,96,0.7805741949345185,1.0734454806011413,8694,0.46964791750259477,0.9864683187750748,0.3878678471668123,0.9930636359401472,0.2869868826608114,0.9980875188211092,1.1649766723949633,0.9601481397474835,1.3674171501596526,0.9754561275463702,1.4275463095282892,0.7925965845612808,3.920153100361313,0.9932755592869816,5.1413874422180355,0.9835230960563285
2025-08-21,success,96,0.768345637010889,1.0696439337018,8181,0.40464160382716585,0.9943027874572995,0.3319858831620887,0.9960370930794233,0.2658766029600404,0.9988863714480901,1.3092961235908176,0.9563118186649907,1.6031061380876417,0.9852196325983074,0.9703799465187752,0.9563817419407543,4.051817840410175,0.9950309424842966,6.20085847753064,0.9935608346431017
2025-08-22,success,96,0.7619716130594347,1.0661398154789565,9333,0.4476378427202662,0.9946753775119842,0.3030833996272929,0.996501618866041,0.24375855116305783,0.9979773269042234,1.3449510320894462,0.9541076638086018,1.7688323344319388,0.9832151300652345,0.5743514555648236,0.9776115468626254,4.062425465325347,0.9929248525010125,6.799459761332735,0.9939632745194185
2025-08-23,success,96,0.7813030900271887,1.0763320250354964,9333,0.46012904939433247,0.9848616691547095,0.37920873974011904,0.987819840765809,0.3296767177120442,0.9960470551979205,1.0768498880244854,0.9697281127586848,1.4586493443628468,0.9805428950925608,1.0767764604354193,0.9089465995522323,3.8271777382635723,0.9932193442194258,5.509601784862723,0.9870898345187504
2025-08-24,success,96,0.7917033491959352,1.0554736083570686,8202,0.5056108164598648,0.987402754220303,0.3646039034475487,0.9934515679960882,0.2618808728420077,0.9982091119281812,1.2976348428577706,0.9550087809932857,1.3071269198117819,0.9853191499905062,4.799106956382221,0.3462668198302362,3.932740787432311,0.9950651132920227,4.197917345330508,0.9653001938849554
2025-08-25,success,96,0.7531650742655123,1.065714351213786,12600,0.6135906888317554,0.9905734871858348,0.5146451725671879,0.9924121797512043,0.36158582688904156,0.9966972609870856,1.346849756340046,0.9618281876131158,1.7178826695967648,0.9864902645710751,2.3293789549605863,0.8439042523517345,4.014933184452447,0.9937277408519579,6.658836512409561,0.9803129900509866
2025-08-26,success,96,0.8026729048177746,1.0694569218709171,6915,0.5391516189292137,0.9873204094913165,0.4229463892342686,0.988901662694191,0.3529646711226338,0.9930313198627789,0.9038657726649577,0.9651958539423408,1.1013859707724356,0.9923464674463536,8.366161995769682,0.3989375101994461,3.8541057035399753,0.9975610555764991,4.429960965448274,0.9830476127881608
2025-08-27,success,96,0.8022125627490694,1.079969602131428,6642,0.5549541849525034,0.9885318324965361,0.39496811963122175,0.9948888959386657,0.29177008015898975,0.9976281144118766,1.0898957293991531,0.9466428806006013,1.4117813515687652,0.9805732915215246,12.576055829819516,0.5689663912976562,4.018208697479029,0.9939872642944828,9.381947251897488,0.9675738902510702
2025-08-28,success,96,0.7973317292234938,1.0693733293138266,5895,0.5661625413620073,0.9899935941806454,0.4447091243965713,0.993977981070755,0.3093276375002856,0.9974375825860388,1.1122356383632648,0.9644687686979335,1.0330255528759236,0.9854217526643653,13.745038425479068,-0.36694867004907383,3.7259817620664144,0.9947064374710989,9.938376830040145,0.9789482699633073
2025-08-29,success,96,0.8034272783826754,1.0783944580560059,5991,0.4966180967881344,0.9858270218631046,0.3970028832960045,0.9920676927107905,0.29877251928857324,0.9975387968298975,1.0972447536413117,0.95837216495781,1.1713358134213838,0.984338819731813,10.755056381652672,0.4272346521707193,3.743922644824386,0.9915497893557733,7.412492757679563,0.9707640465076633
2025-08-30,success,96,0.796389256787756,1.0772572028594722,4662,0.4470662378694695,0.991698967490193,0.4064283337085755,0.9916489531237936,0.29847288791850357,0.9974509860436995,1.2490807242443371,0.9587033469479486,1.3994772549709784,0.9830911103390401,10.265759361218493,0.8543095672457819,3.854496474401127,0.9941183483077467,7.677661589618277,0.9908155144876595
2025-08-31,success,96,0.7764892618280432,1.0747148324997873,5817,0.370973588988591,0.9915907910058396,0.3263660320793381,0.9946308341304788,0.25748279740023167,0.9985248717245858,0.5194569318903268,0.9969008402649229,0.9747800879730482,0.9907706886009028,5.35096787986785,0.5420879334656118,4.003965872470355,0.9929633182644382,2.6154138592801934,0.9709828065936984
